﻿Question	Answer	Source
How do I change default email client?	1.  Click the "Start" button\n\n2.  Click "Default Programs"\n\n3.  Click "Set your default programs"\n\n4.  Select "Microsoft Outlook"\n\n5.  Click "Set this program as default"\n\n6.  Click "OK"	1d4d0354-3767-4239-8ee0-de73f1cfdc75-KB.tsv
How to change startup folder of MS Outlook?	1.  On the "File" menu, click "Options"\n\n2.  Then click "Advanced"\n\n3.  Click "Browse" on the item "Start Outlook in this folder:"\n\n4.  Select the folder you want to appear when you start Microsoft Outlook and click "OK".\n\n5.  Click "OK"	1d4d0354-3767-4239-8ee0-de73f1cfdc75-KB.tsv
How to add Bcc Recipients in Outlook?	1) Open Outlook.\n\n2) Click on New Email.\n\n3) Click on the Options TAB and Click on the BCC button	1d4d0354-3767-4239-8ee0-de73f1cfdc75-KB.tsv
How to create a contact group in Outlook?	A contact group is a collection of contacts. It provides an easy way to send messages to a group of people. A message sent to a contact group goes to all recipients listed in the contact group.\n\nCreate a contact group using names in the Address Book\n\n1.  Click "Address Book"\n\n2.  Click "New Entry..." in the "File" menu\n3. Click "New Contact Group"\n4. Click "OK"\n5. In the "Name**:" box, type a name\n6. Click "Add Members**"\n7. Select a name from the name list\n8. Click "Members->**"\n9. (Repeat step 7 and 8 for adding more members to the contact group)\n10. Finally click "OK**"\n11. Click "Save & Close**" to save the contact group  \nNote: The contact group is saved in your Contacts folder by the name you give it.  \n	1d4d0354-3767-4239-8ee0-de73f1cfdc75-KB.tsv
How to ensure my email is read by recipient?	You can request a read receipt in Outlook to ensure your message is read by recipient. You will receive a message notification as each message is read.  \n  \nTo be notified about all messages\n\n1.  On the "File" menu, click "Options"\n\n2.  Click "Mail" of Outlook options\n\n3.  Check the checkbox "Read receipt confirming the recipient viewed the message"\n\n4.  Click "OK"\n  \n\n\nTo be notified about a single message\n5.  In Outlook, click "New E-mail" to create new mail message\n\n6. Click "Options"\n\n7. Select the "Request a Read Receipt" check box\n	1d4d0354-3767-4239-8ee0-de73f1cfdc75-KB.tsv
How to use Signatures in Outlook?	Creating Signatures\n\n1.  On the File menu, click "Options"\n\n2.  Click "Mail" of Outlook Options\n\n3.  Click on the "Signatures..." button\n\n\n4. Click on the "New" button\n\n5. Enter the name for your new signature\n\n6. Click "OK"\n\n7. Type the text for your signature\n\n8. Click "OK"\n\n9. Repeat Step 4 to 8 for more signatures\n  \n\n\nChoose default signature\n10. Select email account for "E-mail account:"  \n\n\n11. Select signature for "New messages:"\n\n12. Select signature for "Replies/forwards:"\n\n13. Click "OK"\n  \n\n\nOverriding the default signature\n14. Place the mouse cursor over the signature at the bottom of your mail and then right click your mouse. A menu will appear for you to select from among all the signatures you have created  \n	1d4d0354-3767-4239-8ee0-de73f1cfdc75-KB.tsv
How can I obtain "Internet headers" (FULL HEADERS) of an email in MS Outlook?	1. In Outlook, open the mailbox (e.g. "Inbox"), choose your concerned message, and then double-click to open it.\n\n2. Click "Info" of the File Menu\n\n3. Click "Properties"\n\n4. The "Internet headers" (FULL HEADERS) is shown.\n\n5. Then move your mouse pointer on the message and right click mouse button. Choose the option "Select All".\n\n6. Then right click mouse button again. Select the option "Copy".	1d4d0354-3767-4239-8ee0-de73f1cfdc75-KB.tsv
Where is the data folder of MS Outlook?	1.  In Outlook, right click the "Personal Folders"\n\n2.  Select "Data File Properties..."\n\n3.  Click "Advanced..."\n\n4.  The filename and location of data file will be shown in "Filename:" field	1d4d0354-3767-4239-8ee0-de73f1cfdc75-KB.tsv
How to back up and restore my MS Outlook Personal Folder file?	The Personal Folder file (.pst / PST) is the place where Outlook stores its data. Each Personal Folder file contains all of your Outlook folders, including the Inbox, Calendar, and Contacts. You may have a single .pst file (usually called "Personal Folders" in the Folder List), and you may also have an additional .pst file that you use to archive messages (named "Archive Folders"). By backing up these PST files you will be backing up all your Outlook information.\n  \n\n\nBackup\n\n1. Find the location of the PST file\n\n       a. Open "Mail" from the Control Panel\n\n       b. Click "Data Files..."\n\n       c. The location of the Personal Folders can be found\n\n       d. Write this path down and navigate to the designated folder\n\n \n\nBack up the files.\n\n       a. Within the folder you should find an outlook.pst file. Copy this file to removable media (e.g. Flash Disk, DVD or other backup media). If you archive your email, be sure to backup the archive.pst file as well.\n\n       b. The table below lists key Outlook files that you may want to back up in addition to your Personal Folder(s). You will need to completely exit Outlook prior to copying these files.\n  \nRestore  \n1. If you have followed the steps above to backup your Outlook data, restoring is simple. All you do is copy the backup PST file(s) into the folder that you located when you initially backed up your work.  \n\n\n2. Keep in mind that if you overwrite your existing PST file with your backup PST file, any new data since the time of the backup will be deleted. If you have recent data that is not on the backup copy of your PST file and you don't want to loose the recent data, then you can use the "Import" command to add data instead of overwriting data.\n\n         a. Inside MS Outlook, click "Import" in the item "Open" of the File Menu\n\n         b. Highlight "Import from another program or file" and click "Next"\n         c. Highlight "Outlook Data File (.pst)" and click "Next"  \n\n\n         d. Browse to the PST file that you desire to import, and click "Next"\n\n         e. If needed, repeat the process for other PST files such as your archive.pst	1d4d0354-3767-4239-8ee0-de73f1cfdc75-KB.tsv
How to clean up a messy mailbox?	In Outlook, a function called Mailbox Cleanup consolidates several features that are useful for maintaining your default information store at an acceptable size. It will be very useful if you are running low on disk space or overwhelmed by out-of-date messages.\n  \n\n\n1. Click "Info" on the File Menu\n\n2. Click "Cleanup Tools"\n\n3. Select "Mailbox Cleanup..."\n\n4. A Mailbox Cleanup dialog box contains several mailbox management features will be shown	1d4d0354-3767-4239-8ee0-de73f1cfdc75-KB.tsv
How do I block and unblock images in Outlook?	To protect your privacy from junk e-mail senders, Microsoft Office Outlook is configured by default to block image downloads from the Internet. A blocked image appears as a red X placeholder red X placeholder\n  \n\n\nChange the default to block/unblock images in all messages\n\n1. Click "Options" in the File menu\n\n2. Click "Trust Center Settings..." in the Trust Center of Outlook Options \n\n3. Check the "Don't download pictures automatically in HTML e-mail messages or RSS items" check box for blocking images in all messages, or clean the check box for unblocking images for all messages\n  \n  \n\n\nTemporarily allow all blocked images in a message\n\n1. Click the InfoBar at the top of the message, and then click "Download Pictures"\n  \n\n\nTemporarily allow a single blocked image in a message\n\n1. Place the mouse cursor over the red X placeholder and then right click your mouse. Click "Download Pictures" on the shortcut menu appeared.	1d4d0354-3767-4239-8ee0-de73f1cfdc75-KB.tsv
How do I block Junk Mail by sender?	1.  On the "Home" menu, click "Junk" and then click "Junk E-mail Options..."\n\n2.  Click the "Blocked Senders" tab\n\n3.  Click "Add"\n\n4.  In the "Enter an e-mail address or Internet domain name to be added to the list" box, enter the name or address you want added\n\n5.  Click "OK"\n6.  Repeat steps 3 and 5 for each name or address that you want to add  \n\n\nNotes: If you have existing lists of names and addresses that you want to block, you can import the information into Microsoft Office Outlook by saving the list as a text (.txt) file with one entry per line, and then importing the list.\n  \n  \n\n\nQuick add a name to the Blocked Senders List\n\n1. Select the junk e-mail message, click "Junk" and then click "Block Sender"\n  \n\n\nNote: If you have enabled the automatic junk email filtering function, please examine the junk mail folder regularly for avoiding wrongly blocked emails.\n	1d4d0354-3767-4239-8ee0-de73f1cfdc75-KB.tsv
The .pst file format and folder size limit in MS Outlook 2010	The default .pst file size limit in Outlook 2007 and in Outlook 2003 is 20 GB. If you want to access a Unicode .pst file that was created in Outlook 2010 on a different computer that has Outlook 2007 or Outlook 2003 installed, you may have to reduce the size of the .pst file if the current file size is at or near 20 GB. If the file size is greater than 20 GB, you will be unable to open the Outlook 2010.pst file.	1d4d0354-3767-4239-8ee0-de73f1cfdc75-KB.tsv
Hi	Hello! Please ask your questions about outlook	1d4d0354-3767-4239-8ee0-de73f1cfdc75-KB.tsv
Outlook freezing	1) Try closing the outlook application.\n\n2) Close outlook from task manager.\n\n3) Try relaunching Outlook.\n\n4) If you have tried restarting outlook , try restarting the system	1d4d0354-3767-4239-8ee0-de73f1cfdc75-KB.tsv
Outlook not working	1) Try closing the outlook application.\n\n2) Close outlook from task manager.\n\n3) Try relaunching Outlook.\n\n4) If you have tried restarting outlook , try restarting the system	1d4d0354-3767-4239-8ee0-de73f1cfdc75-KB.tsv
Outlook not opening	1) Try closing the outlook application.\n\n2) Close outlook from task manager.\n\n3) Try relaunching Outlook.\n\n4) If you have tried restarting outlook , try restarting the system	1d4d0354-3767-4239-8ee0-de73f1cfdc75-KB.tsv
Outlook issue	1) Try closing the outlook application.\n\n2) Close outlook from task manager.\n\n3) Try relaunching Outlook.\n\n4) If you have tried restarting outlook , try restarting the system	1d4d0354-3767-4239-8ee0-de73f1cfdc75-KB.tsv
exit	exit	1d4d0354-3767-4239-8ee0-de73f1cfdc75-KB.tsv
quit	exit	1d4d0354-3767-4239-8ee0-de73f1cfdc75-KB.tsv
I am done	exit	1d4d0354-3767-4239-8ee0-de73f1cfdc75-KB.tsv
